{"loss": 5.190713882446289, "acc": 0.11580882966518402, "_timestamp": 1690905625.4847498, "_runtime": 334.6139717102051, "_step": 7, "_wandb": {"runtime": 358}}